{
	"pages": [
		{
			"path": "pages/index/index",
			"style": {
				"navigationBarTitleText": "首页",
				"navigationBarBackgroundColor": "#FFFFFF",
				"navigationBarTextStyle": "black"
			}
		},
        {
        	"path": "pages/home/home",
        	"style": {
        		"navigationBarTitleText": "uni-app",
				"navigationBarBackgroundColor": "#FFFFFF",
				"navigationBarTextStyle": "black"
        	}
        },
        {
        	"path": "pages/teacher/teacher",
        	"style": {
        		"navigationBarTitleText": "uni-app",
				"navigationBarBackgroundColor": "#FFFFFF",
				"navigationBarTextStyle": "black"
        	}
        },
        {
        	"path": "pages/topic/topic",
        	"style": {
        		"navigationBarTitleText": "uni-app",
				"navigationBarBackgroundColor": "#FFFFFF",
				"navigationBarTextStyle": "black"
        	}
        },
        {
        	"path": "pages/curriculum/curriculum",
        	"style": {
        		"navigationBarTitleText": "uni-app",
				"navigationBarBackgroundColor": "#FFFFFF",
				"navigationBarTextStyle": "black"
        	}
        },
        {
        	"path": "pages/user/user",
        	"style": {
        		"navigationBarTitleText": "uni-app",
				"navigationBarBackgroundColor": "#FFFFFF",
				"navigationBarTextStyle": "black"
        	}
        },
        {
        	"path": "pages/user/authorization",
        	"style": {
        		"navigationBarTitleText": "uni-app",
				"navigationBarBackgroundColor": "#FFFFFF",
				"navigationBarTextStyle": "black"
        	}
        }
	],
	"globalStyle": {
		"navigationBarTextStyle": "black",
		"navigationBarTitleText": "uni-app",
		"navigationBarBackgroundColor": "#F8F8F8",
		"backgroundColor": "#F8F8F8",
		"backgroundTextStyle": "dark",
		"enablePullDownRefresh": true,
		"usingComponents": {
			"van-transition": "/wxcomponents/vant/transition/index",
			"van-cell": "/wxcomponents/vant/cell/index",
			"van-cell-group": "/wxcomponents/vant/cell-group/index",
			"van-row": "/wxcomponents/vant/row/index",
			"van-col": "/wxcomponents/vant/col/index",
			"van-icon": "/wxcomponents/vant/icon/index",
			"van-popup": "/wxcomponents/vant/popup/index",
			"van-toast": "/wxcomponents/vant/toast/index",
			"van-button": "/wxcomponents/vant/button/index",
			"van-tabbar": "/wxcomponents/vant/tabbar/index",
			"van-tabbar-item": "/wxcomponents/vant/tabbar-item/index",
			"van-image": "/wxcomponents/vant/image/index"
		}
	}
}
